{
    "os": "Windows-10-10.0.22631-SP0",
    "python": "3.11.9",
    "heartbeatAt": "2024-07-15T18:22:02.456622",
    "startedAt": "2024-07-15T18:22:02.341411",
    "docker": null,
    "cuda": null,
    "args": [
        "--dataset_name=foxtech_satellite",
        "--datasets_folder=dataset",
        "--train_batch_size",
        "8",
        "--lr",
        "0.0002",
        "--patience",
        "40",
        "--epochs_num",
        "40",
        "--G_net",
        "unet_deep",
        "--G_loss_lambda",
        "100.0",
        "--G_gray",
        "--D_net",
        "patchGAN_deep",
        "--GAN_save_freq",
        "5",
        "--GAN_resize",
        "1024",
        "1024",
        "--GAN_epochs_decay",
        "20",
        "--G_contrast"
    ],
    "state": "running",
    "program": "C:\\Users\\alfo01-admin\\Downloads\\thermal_h5_datasets\\train_pix2pix.py",
    "codePathLocal": "train_pix2pix.py",
    "codePath": "train_pix2pix.py",
    "host": "twrB-002",
    "username": "alfo01-admin",
    "executable": "C:\\Users\\alfo01-admin\\AppData\\Local\\Microsoft\\WindowsApps\\PythonSoftwareFoundation.Python.3.11_qbz5n2kfra8p0\\python.exe",
    "cpu_count": 10,
    "cpu_count_logical": 20,
    "cpu_freq": {
        "current": 3601.0,
        "min": 0.0,
        "max": 3601.0
    },
    "cpu_freq_per_core": [
        {
            "current": 3601.0,
            "min": 0.0,
            "max": 3601.0
        }
    ],
    "disk": {
        "/": {
            "total": 952.6220664978027,
            "used": 695.6119537353516
        }
    },
    "gpu": "NVIDIA GeForce RTX 3080",
    "gpu_count": 1,
    "gpu_devices": [
        {
            "name": "NVIDIA GeForce RTX 3080",
            "memory_total": 10737418240
        }
    ],
    "memory": {
        "total": 31.813045501708984
    }
}
